ID,YEAR,MONTH,DAY,HOUR,MINUTE,SECOND,LOCATION,TEMPERATURE
0,2018,8,15,15,6,51,FakePlace,39.860001
1,2018,8,15,15,6,52,FakePlace,40.700001
2,2018,8,15,15,6,52,FakePlace,40.950001
3,2018,8,15,15,6,52,FakePlace,39.259998
4,2018,8,15,15,6,53,FakePlace,39.400002
5,2018,8,15,15,6,53,FakePlace,38.200001
6,2018,8,15,15,6,53,FakePlace,40.200001
7,2018,8,15,15,6,54,FakePlace,38.950001
8,2018,8,15,15,6,54,FakePlace,39.91
9,2018,8,15,15,6,54,FakePlace,38.110001
